Workbook

Sheet Summary
A1: Group | B1: Input | C1: Range start | D1: Range end | E1: Score start | F1: Score end | G1: Total Δscore | H1: Avg slope | I1: Total % change in score
A2: 01 Column 2 sweep | B2: column_2 | C2: ='Rate of change'!C2 -> 5 | D2: ='Rate of change'!D4 -> 20 | E2: ='Rate of change'!E2 -> 0.5385 | F2: ='Rate of change'!F4 -> 0.4546 | G2: =F2-E2 -> -0.0839 | H2: =G2/(D2-C2) -> -0.0055933333 | I2: =G2/E2 -> -0.15580316
A3: 02 Column 3 sweep | B3: column_3 | C3: ='Rate of change'!C5 -> 0.3 | D3: ='Rate of change'!D11 -> 0.7 | E3: ='Rate of change'!E5 -> 0.3917 | F3: ='Rate of change'!F11 -> 0.6841 | G3: =F3-E3 -> 0.2924 | H3: =G3/(D3-C3) -> 0.731 | I3: =G3/E3 -> 0.74648966
A4: 03 Recent seizures sweep | B4: seizures | C4: ='Rate of change'!C12 -> 1.5 | D4: ='Rate of change'!D14 -> 3.5 | E4: ='Rate of change'!E12 -> 0.4613 | F4: ='Rate of change'!F14 -> 0.6413 | G4: =F4-E4 -> 0.18 | H4: =G4/(D4-C4) -> 0.09 | I4: =G4/E4 -> 0.3902016
A5: 04 Route age sweep | B5: route_age | C5: ='Rate of change'!C15 -> 25 | D5: ='Rate of change'!D19 -> 56.5 | E5: ='Rate of change'!E15 -> 0.7658 | F5: ='Rate of change'!F19 -> 0.4439 | G5: =F5-E5 -> -0.3219 | H5: =G5/(D5-C5) -> -0.010219048 | I5: =G5/E5 -> -0.42034474
A6: 05 Containers sweep | B6: containers | C6: ='Rate of change'!C20 -> 10 | D6: ='Rate of change'!D24 -> 40 | E6: ='Rate of change'!E20 -> 0.4639 | F6: ='Rate of change'!F24 -> 0.6525 | G6: =F6-E6 -> 0.1886 | H6: =G6/(D6-C6) -> 0.0062866667 | I6: =G6/E6 -> 0.40655314
A7: 06 Score x seizures (seizures=1.5) | B7: shipper_score | C7: ='Rate of change'!C25 -> 500 | D7: ='Rate of change'!D28 -> 700 | E7: ='Rate of change'!E25 -> 0.3615 | F7: ='Rate of change'!F28 -> 0.5278 | G7: =F7-E7 -> 0.1663 | H7: =G7/(D7-C7) -> 0.0008315 | I7: =G7/E7 -> 0.46002766
A8: 06 Score x seizures (seizures=2.5) | B8: shipper_score | C8: ='Rate of change'!C29 -> 500 | D8: ='Rate of change'!D32 -> 700 | E8: ='Rate of change'!E29 -> 0.4305 | F8: ='Rate of change'!F32 -> 0.5735 | G8: =F8-E8 -> 0.143 | H8: =G8/(D8-C8) -> 0.000715 | I8: =G8/E8 -> 0.33217189
A9: 06 Score x seizures (seizures=3) | B9: shipper_score | C9: ='Rate of change'!C33 -> 500 | D9: ='Rate of change'!D36 -> 700 | E9: ='Rate of change'!E33 -> 0.5963 | F9: ='Rate of change'!F36 -> 0.6597 | G9: =F9-E9 -> 0.0634 | H9: =G9/(D9-C9) -> 0.000317 | I9: =G9/E9 -> 0.10632232
A10: 08 Decision boundary | B10: shipper_score | C10: ='Rate of change'!C37 -> 550 | D10: ='Rate of change'!D40 -> 600 | E10: ='Rate of change'!E37 -> 0.4796 | F10: ='Rate of change'!F40 -> 0.5155 | G10: =F10-E10 -> 0.0359 | H10: =G10/(D10-C10) -> 0.000718 | I10: =G10/E10 -> 0.074854045
A11: 09 Port C route age | B11: route_age | C11: ='Rate of change'!C41 -> 27.5 | D11: ='Rate of change'!D41 -> 46.5 | E11: ='Rate of change'!E41 -> 0.043 | F11: ='Rate of change'!F41 -> 0.9392 | G11: =F11-E11 -> 0.8962 | H11: =G11/(D11-C11) -> 0.047168421 | I11: =G11/E11 -> 20.84186
A12: 10 Best-anchor seizures | B12: seizures | C12: ='Rate of change'!C42 -> 4.46 | D12: ='Rate of change'!D42 -> 5 | E12: ='Rate of change'!E42 -> 0.9807 | F12: ='Rate of change'!F42 -> 0.9745 | G12: =F12-E12 -> -0.0062 | H12: =G12/(D12-C12) -> -0.011481481 | I12: =G12/E12 -> -0.0063220149

Sheet Rate of change
A1: Group | B1: Input | C1: x from | D1: x to | E1: Score from | F1: Score to | G1: Δx | H1: Δscore | I1: Slope (Δscore/Δx) | J1: % change in input | K1: % change in score | L1: Elasticity (%Δscore / %Δinput) | M1: Direction
A2: 01 Column 2 sweep | B2: column_2 | C2: 5 | D2: 10 | E2: 0.5385 | F2: 0.5155 | G2: =D2-C2 -> 5 | H2: =F2-E2 -> -0.023 | I2: =H2/G2 -> -0.0046 | J2: =G2/C2 -> 1 | K2: =H2/E2 -> -0.042711235 | L2: =K2/J2 -> -0.042711235 | M2: =IF(H2>0,"Up",IF(H2<0,"Down","Flat")) -> Down
A3: 01 Column 2 sweep | B3: column_2 | C3: 10 | D3: 15 | E3: 0.5155 | F3: 0.4604 | G3: =D3-C3 -> 5 | H3: =F3-E3 -> -0.0551 | I3: =H3/G3 -> -0.01102 | J3: =G3/C3 -> 0.5 | K3: =H3/E3 -> -0.10688652 | L3: =K3/J3 -> -0.21377304 | M3: =IF(H3>0,"Up",IF(H3<0,"Down","Flat")) -> Down
A4: 01 Column 2 sweep | B4: column_2 | C4: 15 | D4: 20 | E4: 0.4604 | F4: 0.4546 | G4: =D4-C4 -> 5 | H4: =F4-E4 -> -0.0058 | I4: =H4/G4 -> -0.00116 | J4: =G4/C4 -> 0.33333333 | K4: =H4/E4 -> -0.012597741 | L4: =K4/J4 -> -0.037793223 | M4: =IF(H4>0,"Up",IF(H4<0,"Down","Flat")) -> Down
A5: 02 Column 3 sweep | B5: column_3 | C5: 0.3 | D5: 0.4 | E5: 0.3917 | F5: 0.4353 | G5: =D5-C5 -> 0.1 | H5: =F5-E5 -> 0.0436 | I5: =H5/G5 -> 0.436 | J5: =G5/C5 -> 0.33333333 | K5: =H5/E5 -> 0.11130968 | L5: =K5/J5 -> 0.33392903 | M5: =IF(H5>0,"Up",IF(H5<0,"Down","Flat")) -> Up
A6: 02 Column 3 sweep | B6: column_3 | C6: 0.4 | D6: 0.5 | E6: 0.4353 | F6: 0.5155 | G6: =D6-C6 -> 0.1 | H6: =F6-E6 -> 0.0802 | I6: =H6/G6 -> 0.802 | J6: =G6/C6 -> 0.25 | K6: =H6/E6 -> 0.18424075 | L6: =K6/J6 -> 0.73696301 | M6: =IF(H6>0,"Up",IF(H6<0,"Down","Flat")) -> Up
A7: 02 Column 3 sweep | B7: column_3 | C7: 0.5 | D7: 0.525 | E7: 0.5155 | F7: 0.5325 | G7: =D7-C7 -> 0.025 | H7: =F7-E7 -> 0.017 | I7: =H7/G7 -> 0.68 | J7: =G7/C7 -> 0.05 | K7: =H7/E7 -> 0.032977692 | L7: =K7/J7 -> 0.65955383 | M7: =IF(H7>0,"Up",IF(H7<0,"Down","Flat")) -> Up
A8: 02 Column 3 sweep | B8: column_3 | C8: 0.525 | D8: 0.55 | E8: 0.5325 | F8: 0.5675 | G8: =D8-C8 -> 0.025 | H8: =F8-E8 -> 0.035 | I8: =H8/G8 -> 1.4 | J8: =G8/C8 -> 0.047619048 | K8: =H8/E8 -> 0.0657277 | L8: =K8/J8 -> 1.3802817 | M8: =IF(H8>0,"Up",IF(H8<0,"Down","Flat")) -> Up
A9: 02 Column 3 sweep | B9: column_3 | C9: 0.55 | D9: 0.575 | E9: 0.5675 | F9: 0.5856 | G9: =D9-C9 -> 0.025 | H9: =F9-E9 -> 0.0181 | I9: =H9/G9 -> 0.724 | J9: =G9/C9 -> 0.045454545 | K9: =H9/E9 -> 0.031894273 | L9: =K9/J9 -> 0.70167401 | M9: =IF(H9>0,"Up",IF(H9<0,"Down","Flat")) -> Up
A10: 02 Column 3 sweep | B10: column_3 | C10: 0.575 | D10: 0.6 | E10: 0.5856 | F10: 0.6451 | G10: =D10-C10 -> 0.025 | H10: =F10-E10 -> 0.0595 | I10: =H10/G10 -> 2.38 | J10: =G10/C10 -> 0.043478261 | K10: =H10/E10 -> 0.10160519 | L10: =K10/J10 -> 2.3369194 | M10: =IF(H10>0,"Up",IF(H10<0,"Down","Flat")) -> Up
A11: 02 Column 3 sweep | B11: column_3 | C11: 0.6 | D11: 0.7 | E11: 0.6451 | F11: 0.6841 | G11: =D11-C11 -> 0.1 | H11: =F11-E11 -> 0.039 | I11: =H11/G11 -> 0.39 | J11: =G11/C11 -> 0.16666667 | K11: =H11/E11 -> 0.060455743 | L11: =K11/J11 -> 0.36273446 | M11: =IF(H11>0,"Up",IF(H11<0,"Down","Flat")) -> Up
A12: 03 Recent seizures sweep | B12: seizures | C12: 1.5 | D12: 2.5 | E12: 0.4613 | F12: 0.5155 | G12: =D12-C12 -> 1 | H12: =F12-E12 -> 0.0542 | I12: =H12/G12 -> 0.0542 | J12: =G12/C12 -> 0.66666667 | K12: =H12/E12 -> 0.11749404 | L12: =K12/J12 -> 0.17624106 | M12: =IF(H12>0,"Up",IF(H12<0,"Down","Flat")) -> Up
A13: 03 Recent seizures sweep | B13: seizures | C13: 2.5 | D13: 3 | E13: 0.5155 | F13: 0.6305 | G13: =D13-C13 -> 0.5 | H13: =F13-E13 -> 0.115 | I13: =H13/G13 -> 0.23 | J13: =G13/C13 -> 0.2 | K13: =H13/E13 -> 0.22308438 | L13: =K13/J13 -> 1.1154219 | M13: =IF(H13>0,"Up",IF(H13<0,"Down","Flat")) -> Up
... A42: 10 Best-anchor seizures | B42: seizures | C42: 4.46 | D42: 5 | E42: 0.9807 | F42: 0.9745 | G42: =D42-C42 -> 0.54 | H42: =F42-E42 -> -0.0062 | I42: =H42/G42 -> -0.011481481 | J42: =G42/C42 -> 0.12107623 | K42: =H42/E42 -> -0.0063220149 | L42: =K42/J42 -> -0.05221516 | M42: =IF(H42>0,"Up",IF(H42<0,"Down","Flat")) -> Down

Sheet Notes
A1: Slope = change in model score per 1 unit of the input, between consecutive observed points.
A2: Elasticity = % change in score ÷ % change in input; >1 in magnitude means score moves proportionally more than the input.
A3: Everything is computed between observed points only; it is local, not a fitted model.
A4: Group 07 (ports) is categorical and excluded. Group 09 has only two points, so its slope is one average over a large jump.
A5: Source scores: BB-XXX_round2_experiments.xlsx.
