Workbook

Sheet Experiments
A1: # | B1: Group | C1: Varied field(s) | D1: value | E1: column_2 | F1: column_3 | G1: port | H1: prior_shipments | I1: seizures | J1: route_age | K1: shipper_score | L1: containers | M1: transfers | N1: Model score | O1: Decision | P1: Δ reference | Q1: Δ vs reference
A2: 1 | B2: 01 Column 2 sweep | C2: column_2 | D2: 50 | E2: 5 | F2: 0.5 | G2: A | H2: 10 | I2: 2.5 | J2: 46.5 | K2: 600 | L2: 20 | M2: 3 | N2: 0.5385 | P2: baseline | Q2: =N2-Notes!$B$3 -> 0.023
A3: 2 | B3: 01 Column 2 sweep | C3: column_2 | D3: 50 | E3: 10 | F3: 0.5 | G3: A | H3: 10 | I3: 2.5 | J3: 46.5 | K3: 600 | L3: 20 | M3: 3 | N3: 0.5155 | P3: baseline | Q3: =N3-Notes!$B$3 -> 0
A4: 3 | B4: 01 Column 2 sweep | C4: column_2 | D4: 50 | E4: 15 | F4: 0.5 | G4: A | H4: 10 | I4: 2.5 | J4: 46.5 | K4: 600 | L4: 20 | M4: 3 | N4: 0.4604 | P4: baseline | Q4: =N4-Notes!$B$3 -> -0.0551
A5: 4 | B5: 01 Column 2 sweep | C5: column_2 | D5: 50 | E5: 20 | F5: 0.5 | G5: A | H5: 10 | I5: 2.5 | J5: 46.5 | K5: 600 | L5: 20 | M5: 3 | N5: 0.4546 | P5: baseline | Q5: =N5-Notes!$B$3 -> -0.0609
A6: 5 | B6: 02 Column 3 sweep | C6: column_3 | D6: 50 | E6: 10 | F6: 0.3 | G6: A | H6: 10 | I6: 2.5 | J6: 46.5 | K6: 600 | L6: 20 | M6: 3 | N6: 0.3917 | P6: baseline | Q6: =N6-Notes!$B$3 -> -0.1238
A7: 6 | B7: 02 Column 3 sweep | C7: column_3 | D7: 50 | E7: 10 | F7: 0.4 | G7: A | H7: 10 | I7: 2.5 | J7: 46.5 | K7: 600 | L7: 20 | M7: 3 | N7: 0.4353 | P7: baseline | Q7: =N7-Notes!$B$3 -> -0.0802
A8: 7 | B8: 02 Column 3 sweep | C8: column_3 | D8: 50 | E8: 10 | F8: 0.5 | G8: A | H8: 10 | I8: 2.5 | J8: 46.5 | K8: 600 | L8: 20 | M8: 3 | N8: 0.5155 | P8: baseline | Q8: =N8-Notes!$B$3 -> 0
A9: 8 | B9: 02 Column 3 sweep | C9: column_3 | D9: 50 | E9: 10 | F9: 0.525 | G9: A | H9: 10 | I9: 2.5 | J9: 46.5 | K9: 600 | L9: 20 | M9: 3 | N9: 0.5325 | P9: baseline | Q9: =N9-Notes!$B$3 -> 0.017
A10: 9 | B10: 02 Column 3 sweep | C10: column_3 | D10: 50 | E10: 10 | F10: 0.55 | G10: A | H10: 10 | I10: 2.5 | J10: 46.5 | K10: 600 | L10: 20 | M10: 3 | N10: 0.5675 | P10: baseline | Q10: =N10-Notes!$B$3 -> 0.052
A11: 10 | B11: 02 Column 3 sweep | C11: column_3 | D11: 50 | E11: 10 | F11: 0.575 | G11: A | H11: 10 | I11: 2.5 | J11: 46.5 | K11: 600 | L11: 20 | M11: 3 | N11: 0.5856 | P11: baseline | Q11: =N11-Notes!$B$3 -> 0.0701
A12: 11 | B12: 02 Column 3 sweep | C12: column_3 | D12: 50 | E12: 10 | F12: 0.6 | G12: A | H12: 10 | I12: 2.5 | J12: 46.5 | K12: 600 | L12: 20 | M12: 3 | N12: 0.6451 | P12: baseline | Q12: =N12-Notes!$B$3 -> 0.1296
A13: 12 | B13: 02 Column 3 sweep | C13: column_3 | D13: 50 | E13: 10 | F13: 0.7 | G13: A | H13: 10 | I13: 2.5 | J13: 46.5 | K13: 600 | L13: 20 | M13: 3 | N13: 0.6841 | P13: baseline | Q13: =N13-Notes!$B$3 -> 0.1686
... A48: 47 | B48: 07 Port comparison | C48: port | D48: 50 | E48: 10 | F48: 0.5 | G48: D | H48: 10 | I48: 2.5 | J48: 46.5 | K48: 600 | L48: 20 | M48: 3 | N48: 0.5072 | P48: baseline | Q48: =N48-Notes!$B$3 -> -0.0083
A49: 48 | B49: 08 Decision boundary | C49: shipper_score | D49: 50 | E49: 10 | F49: 0.5 | G49: A | H49: 10 | I49: 2.5 | J49: 46.5 | K49: 550 | L49: 20 | M49: 3 | N49: 0.4796 | O49: DECLINE | P49: baseline | Q49: =N49-Notes!$B$3 -> -0.0359
A50: 49 | B50: 08 Decision boundary | C50: shipper_score | D50: 50 | E50: 10 | F50: 0.5 | G50: A | H50: 10 | I50: 2.5 | J50: 46.5 | K50: 560 | L50: 20 | M50: 3 | N50: 0.4824 | O50: DECLINE | P50: baseline | Q50: =N50-Notes!$B$3 -> -0.0331
A51: 50 | B51: 08 Decision boundary | C51: shipper_score | D51: 50 | E51: 10 | F51: 0.5 | G51: A | H51: 10 | I51: 2.5 | J51: 46.5 | K51: 570 | L51: 20 | M51: 3 | N51: 0.4937 | O51: APPROVE | P51: baseline | Q51: =N51-Notes!$B$3 -> -0.0218
A52: 51 | B52: 08 Decision boundary | C52: shipper_score | D52: 50 | E52: 10 | F52: 0.5 | G52: A | H52: 10 | I52: 2.5 | J52: 46.5 | K52: 580 | L52: 20 | M52: 3 | N52: 0.4973 | O52: APPROVE | P52: baseline | Q52: =N52-Notes!$B$3 -> -0.0182
A53: 52 | B53: 08 Decision boundary | C53: shipper_score | D53: 50 | E53: 10 | F53: 0.5 | G53: A | H53: 10 | I53: 2.5 | J53: 46.5 | K53: 600 | L53: 20 | M53: 3 | N53: 0.5155 | O53: APPROVE | P53: baseline | Q53: =N53-Notes!$B$3 -> 0
A54: 53 | B54: 09 Port C route age | C54: route_age | D54: 67 | E54: 9.8 | F54: 0.97 | G54: C | H54: 9.8 | I54: 4.44 | J54: 27.5 | K54: 880 | L54: 30 | M54: 4.8 | N54: 0.043 | P54: first row of group | Q54: =N54-N54 -> 0
A55: 54 | B55: 09 Port C route age | C55: route_age | D55: 67 | E55: 9.8 | F55: 0.97 | G55: C | H55: 9.8 | I55: 4.44 | J55: 46.5 | K55: 880 | L55: 30 | M55: 4.8 | N55: 0.9392 | P55: first row of group | Q55: =N55-N54 -> 0.8962
A56: 55 | B56: 10 Best-anchor seizures | C56: seizures | D56: 65 | E56: 9.75 | F56: 0.9 | G56: D | H56: 9.7 | I56: 4.46 | J56: 27.55 | K56: 895 | L56: 30.7 | M56: 4.85 | N56: 0.9807 | P56: first row of group | Q56: =N56-N56 -> 0
A57: 56 | B57: 10 Best-anchor seizures | C57: seizures | D57: 65 | E57: 9.75 | F57: 0.9 | G57: D | H57: 9.7 | I57: 5 | J57: 27.55 | K57: 895 | L57: 30.7 | M57: 4.85 | N57: 0.9745 | P57: first row of group | Q57: =N57-N56 -> -0.0062

Sheet Notes
A1: Notes & assumptions
A3: Baseline model score | B3: 0.5155 | C3: Score for baseline row 50,10,0.5,A,10,2.5,46.5,600,20,3 (from the supplied observations).
A5: Field order: value, column_2, column_3, port, prior_shipments, seizures, route_age, shipper_score, containers, transfers.
A6: Names for 'value', 'column_2' and 'column_3' are unconfirmed; they follow the original chart script.
A7: Groups 01-08 hold every other input at the baseline row; only the 'Varied field(s)' change.
A8: Group 06 overlaps groups 03 and 08 (same baseline cells appear in more than one group).
A9: Group 09 fixed inputs: 67,9.8,0.97,C,9.8,4.44,age,880,30,4.8
A10: Group 10 fixed inputs: 65,9.75,0.9,D,9.7,seizures,27.55,895,30.7,4.85
A11: Decision labels (APPROVE/DECLINE) exist only for the group 08 boundary rows.
A12: Blue = values supplied by you / taken from your observations. Black = formulas and labels.
A13: Original experiment IDs (e.g. R2-20) weren't in the data I had, so rows use a plain sequence number.
